{"success": true, "score": 0.4035053343445533, "scoreJson": {"info": 0.028796304898974973, "granu": 0.9911582709898087, "fact": 0.19056142714487634, "score": 0.4035053343445533}}